layer_id,neuron_idx,test_activ_l2_norm,test_activ_zero_ratio,test_avg_activ,test_max_activ,test_median_activ,test_min_activ,test_std_activ,test_var_activ
5,0,0.012354110717773438,0.679,0.1707995,2.4950109,0.0,0.0,0.35135677,0.12345158
5,1,0.017381620407104493,0.495,0.3089249,3.045261,0.012082346,0.0,0.45462742,0.2066861
5,2,0.012201591491699219,0.718,0.15349326,2.4748979,0.0,0.0,0.3540038,0.12531868
5,3,0.02095003128051758,0.422,0.40503564,3.082831,0.14604658,0.0,0.52426136,0.27484998
5,4,0.01316453742980957,0.625,0.19746591,2.1836417,0.0,0.0,0.3664864,0.13431227
5,5,0.014461806297302246,0.59,0.23043191,2.4965024,0.0,0.0,0.39502525,0.15604495
5,6,0.014632598876953125,0.534,0.25101155,2.1457875,0.0,0.0,0.38872376,0.15110616
5,7,0.027935468673706054,0.223,0.6564697,2.7434576,0.5583043,0.0,0.59113276,0.34943795
5,8,0.015284163475036621,0.6,0.23738773,2.3572123,0.0,0.0,0.42101392,0.17725272
5,9,0.015467904090881347,0.506,0.2759834,2.1336467,0.0,0.0,0.40384305,0.1630892
5,10,0.021437955856323243,0.37,0.42430475,2.682734,0.21691385,0.0,0.5287262,0.27955145
5,11,0.02018735885620117,0.404,0.38783848,3.1404884,0.14533123,0.0,0.50706095,0.25711077
5,12,0.013781961441040038,0.603,0.2126344,2.2442584,0.0,0.0,0.38043272,0.14472906
5,13,0.013190499305725098,0.623,0.20065647,2.2846136,0.0,0.0,0.36568597,0.13372624
5,14,0.018727270126342774,0.448,0.3473364,2.645571,0.07780725,0.0,0.4796541,0.23006806
5,15,0.02145002555847168,0.361,0.43984348,2.313941,0.24647713,0.0,0.51637316,0.26664126
5,16,0.014261871337890626,0.634,0.2072908,2.5292776,0.0,0.0,0.40053907,0.16043155
5,17,0.01617676544189453,0.505,0.28358427,2.2868927,0.0,0.0,0.42575547,0.18126772
5,18,0.018634660720825195,0.411,0.35836253,2.26043,0.16725656,0.0,0.46778932,0.21882685
5,19,0.011977944374084473,0.633,0.18220843,1.6879716,0.0,0.0,0.3320712,0.11027127
5,20,0.019475637435913087,0.438,0.36572078,2.370321,0.11572937,0.0,0.49552882,0.2455488
5,21,0.010037237167358399,0.695,0.13459235,1.6613469,0.0,0.0,0.2874561,0.082631014
5,22,0.01859863471984863,0.477,0.33526227,2.2579901,0.037456788,0.0,0.48322713,0.23350845
5,23,0.011669548034667968,0.672,0.16907035,2.0318904,0.0,0.0,0.32801455,0.10759355
5,24,0.01837697982788086,0.449,0.33809465,2.8370342,0.06926529,0.0,0.47265774,0.22340533
5,25,0.018919887542724608,0.461,0.3467457,2.763657,0.07536113,0.0,0.48757514,0.23772952
5,26,0.014377171516418458,0.599,0.2310863,2.0748184,0.0,0.0,0.39153823,0.15330218
5,27,0.019901338577270507,0.387,0.3981087,2.6406922,0.19192895,0.0,0.48741436,0.23757276
5,28,0.024583768844604493,0.316,0.5213446,2.818343,0.33935422,0.0,0.57668144,0.33256146
5,29,0.01804044723510742,0.477,0.32599604,2.192667,0.042344935,0.0,0.4681713,0.21918437
5,30,0.01462240219116211,0.624,0.21669634,2.4758403,0.0,0.0,0.40848175,0.16685733
5,31,0.022452505111694335,0.301,0.48036253,2.7225473,0.34548113,0.0,0.5228449,0.27336678
5,32,0.01173375129699707,0.584,0.1883721,1.9239622,0.0,0.0,0.31968248,0.10219688
5,33,0.015794429779052734,0.495,0.27957752,2.3466992,0.0049484055,0.0,0.41388455,0.17130043
5,34,0.019407638549804686,0.455,0.36553162,2.7701633,0.07301657,0.0,0.49299395,0.24304304
5,35,0.01659796142578125,0.514,0.2878822,2.5473733,0.0,0.0,0.43888062,0.1926162
5,36,0.01938117027282715,0.426,0.36344835,3.2681298,0.11333688,0.0,0.49349266,0.243535
5,37,0.017710269927978514,0.486,0.31970045,2.6730957,0.036816917,0.0,0.45983177,0.21144526
5,38,0.02045269012451172,0.417,0.40158263,2.5361853,0.16010082,0.0,0.506995,0.25704396
5,39,0.01502720832824707,0.564,0.24887924,2.050345,0.0,0.0,0.40481615,0.16387612
5,40,0.018799545288085938,0.458,0.34623358,2.8063357,0.07326568,0.0,0.48326516,0.23354523
5,41,0.015815418243408205,0.561,0.2546321,3.752569,0.0,0.0,0.43045318,0.18528993
5,42,0.014472949028015136,0.591,0.22736658,2.166907,0.0,0.0,0.3972036,0.1577707
5,43,0.020257892608642577,0.409,0.39277452,2.4666507,0.14553306,0.0,0.5060735,0.25611034
5,44,0.010924907684326171,0.736,0.13564944,2.4943194,0.0,0.0,0.31773075,0.10095283
5,45,0.01081564998626709,0.693,0.14736305,2.558723,0.0,0.0,0.3086461,0.09526242
5,46,0.01473807430267334,0.551,0.24937584,2.2208188,0.0,0.0,0.393729,0.15502253
5,47,0.01521861171722412,0.603,0.23573889,2.737485,0.0,0.0,0.41956323,0.17603332
5,48,0.012780821800231934,0.672,0.18251166,1.9814694,0.0,0.0,0.36060902,0.13003887
5,49,0.011262137413024903,0.653,0.16354243,2.0470865,0.0,0.0,0.31636944,0.100089625
5,50,0.012771932601928711,0.644,0.19078891,1.9710605,0.0,0.0,0.3559801,0.12672183
5,51,0.011193353652954102,0.658,0.16229212,1.6021904,0.0,0.0,0.31456706,0.098952435
5,52,0.010295434951782227,0.72,0.13735275,1.9863287,0.0,0.0,0.2951783,0.08713022
5,53,0.015071375846862793,0.555,0.24963123,2.6725907,0.0,0.0,0.40599337,0.16483063
5,54,0.024753543853759767,0.28,0.54170436,3.0508697,0.38235593,0.0,0.56506133,0.31929433
5,55,0.014649071693420411,0.591,0.23631166,2.1033647,0.0,0.0,0.39843708,0.15875211
5,56,0.013256366729736329,0.585,0.21270181,2.0249605,0.0,0.0,0.36123288,0.13048919
5,57,0.02567325210571289,0.268,0.56589395,2.77599,0.41603744,0.0,0.5821339,0.33887985
5,58,0.01851719093322754,0.437,0.3536141,2.6366,0.08770531,0.0,0.466737,0.21784343
5,59,0.015340102195739747,0.575,0.25497147,2.388831,0.0,0.0,0.41268426,0.17030829
5,60,0.012955568313598632,0.592,0.20537601,2.1370935,0.0,0.0,0.35449603,0.12566744
5,61,0.015856786727905272,0.53,0.27514613,2.1312048,0.0,0.0,0.41920435,0.1757323
5,62,0.01974766159057617,0.383,0.39383638,2.3649843,0.20886466,0.0,0.48462668,0.23486303
5,63,0.016605157852172852,0.485,0.3010066,2.287147,0.01838534,0.0,0.43026304,0.18512627
5,64,0.01759103775024414,0.416,0.34235364,2.182302,0.12456142,0.0,0.43845022,0.19223858
5,65,0.018652774810791015,0.438,0.35745332,2.5063899,0.13935651,0.0,0.46920478,0.22015314
5,66,0.019386043548583986,0.453,0.35346892,2.4816551,0.054681897,0.0,0.5008777,0.25087845
5,67,0.02142925262451172,0.312,0.44611284,3.3693829,0.29355586,0.0,0.5100943,0.26019618
5,68,0.016292280197143554,0.591,0.2561239,2.4714437,0.0,0.0,0.44703346,0.19983892
5,69,0.022385635375976563,0.308,0.46486738,3.355892,0.2878836,0.0,0.53386796,0.285015
5,70,0.01649612045288086,0.467,0.29768297,3.012199,0.045758724,0.0,0.428377,0.18350686
5,71,0.014542877197265625,0.6,0.22459897,2.7420874,0.0,0.0,0.40131107,0.16105057
5,72,0.01887383270263672,0.395,0.3639224,2.6340232,0.15048817,0.0,0.47305608,0.22378206
5,73,0.02017734146118164,0.445,0.37216553,3.7921562,0.1051674,0.0,0.51828367,0.26861796
5,74,0.013050718307495117,0.607,0.20634449,2.1791854,0.0,0.0,0.35741183,0.12774321
5,75,0.020002874374389648,0.433,0.37869117,2.6303966,0.14324304,0.0,0.5066636,0.256708
5,76,0.013282785415649414,0.593,0.21718481,1.9726638,0.0,0.0,0.35953182,0.12926313
5,77,0.013705177307128906,0.612,0.21181852,2.3969116,0.0,0.0,0.37810686,0.1429648
5,78,0.010994667053222657,0.696,0.15216894,2.1924484,0.0,0.0,0.3126137,0.09772731
5,79,0.025512662887573243,0.276,0.5486238,3.040094,0.36951903,0.0,0.5915302,0.34990796
5,80,0.009193058967590331,0.764,0.10978831,1.8012934,0.0,0.0,0.26918185,0.07245886
5,81,0.017640371322631836,0.474,0.31765524,2.775354,0.04101274,0.0,0.45856062,0.21027783
5,82,0.010154556274414063,0.769,0.12293428,2.0631118,0.0,0.0,0.29665163,0.08800218
5,83,0.007587203502655029,0.835,0.07348152,1.6135017,0.0,0.0,0.22839905,0.05216613
5,84,0.013339893341064453,0.632,0.20206498,2.1642952,0.0,0.0,0.37030053,0.13712248
5,85,0.016514427185058595,0.518,0.2858628,2.5301218,0.0,0.0,0.43704548,0.19100875
5,86,0.018331432342529298,0.502,0.32273695,2.7855341,0.0,0.0,0.4815415,0.23188223
5,87,0.014611433029174805,0.597,0.23746511,2.1876676,0.0,0.0,0.39636385,0.15710431
5,88,0.017831163406372072,0.462,0.32407305,2.3598957,0.04695971,0.0,0.4614402,0.21292706
5,89,0.015273221015930176,0.558,0.25429875,2.2125628,0.0,0.0,0.41061348,0.16860344
5,90,0.01843351936340332,0.418,0.36046383,2.329983,0.14784852,0.0,0.45810527,0.20986044
5,91,0.01851181983947754,0.451,0.33989832,2.269284,0.074028894,0.0,0.47660947,0.22715658
5,92,0.016875978469848632,0.526,0.29130703,2.2302427,0.0,0.0,0.44714522,0.19993886
5,93,0.013701712608337403,0.622,0.20921192,2.4486372,0.0,0.0,0.3794302,0.14396729
5,94,0.02283272171020508,0.365,0.46166566,2.834938,0.2590069,0.0,0.5551559,0.30819806
5,95,0.014394904136657715,0.601,0.23219043,2.063785,0.0,0.0,0.3915365,0.15330084
5,96,0.007286068439483643,0.83,0.07480008,1.7138033,0.0,0.0,0.217926,0.047491737
5,97,0.017351030349731445,0.496,0.3080823,2.2960732,0.005724305,0.0,0.45403028,0.2061435
5,98,0.013645780563354493,0.622,0.20684959,2.4374673,0.0,0.0,0.37870908,0.14342056
5,99,0.016245134353637697,0.509,0.28526664,2.1835752,0.0,0.0,0.4272322,0.18252735
5,100,0.024999355316162108,0.264,0.5462282,3.394242,0.39569992,0.0,0.57149154,0.32660255
5,101,0.013170512199401855,0.671,0.18548125,2.2449327,0.0,0.0,0.3729063,0.13905911
5,102,0.014374945640563965,0.617,0.22227965,2.13929,0.0,0.0,0.39652342,0.15723081
5,103,0.016079740524291994,0.54,0.27478042,3.10678,0.0,0.0,0.42784783,0.18305378
5,104,0.015124058723449707,0.502,0.26632142,1.9947749,0.0,0.0,0.39725316,0.15781008
5,105,0.020049280166625976,0.417,0.38775036,2.940087,0.13667715,0.0,0.5016206,0.25162324
5,106,0.013877706527709961,0.582,0.22854263,2.20434,0.0,0.0,0.37464517,0.14035901
5,107,0.014322672843933106,0.57,0.23992118,2.0035598,0.0,0.0,0.38415718,0.14757675
5,108,0.010255082130432129,0.727,0.12964058,1.9646885,0.0,0.0,0.29725415,0.08836003
5,109,0.016048654556274414,0.559,0.25576302,2.481125,0.0,0.0,0.43834296,0.19214456
5,110,0.025896543502807616,0.295,0.5627651,2.8481157,0.3787158,0.0,0.59491706,0.35392633
5,111,0.013182566642761231,0.631,0.2000496,2.2160876,0.0,0.0,0.3657325,0.13376026
5,112,0.010836003303527832,0.693,0.14957877,2.1423082,0.0,0.0,0.30829397,0.09504517
5,113,0.010920783042907715,0.65,0.16316718,1.895422,0.0,0.0,0.30436817,0.09263998
5,114,0.01148046588897705,0.695,0.15740296,2.2393532,0.0,0.0,0.32714733,0.10702538
5,115,0.009623431205749511,0.735,0.12777591,1.5952258,0.0,0.0,0.2761951,0.076283745
5,116,0.013614146232604981,0.643,0.19803303,3.3539333,0.0,0.0,0.3822668,0.14612791
5,117,0.01963885498046875,0.432,0.37541246,3.1957505,0.1252399,0.0,0.49472228,0.24475013
5,118,0.017758947372436523,0.466,0.3246311,2.2977133,0.06642091,0.0,0.4582519,0.2099948
5,119,0.014620070457458495,0.541,0.24290484,2.425429,0.0,0.0,0.39337477,0.15474372
5,120,0.017454017639160158,0.467,0.3235065,2.2522335,0.05760989,0.0,0.44719824,0.19998628
5,121,0.01461677074432373,0.575,0.23691316,2.3824983,0.0,0.0,0.39689058,0.15752213
5,122,0.018689340591430664,0.38,0.3713549,2.7787375,0.18525067,0.0,0.45976838,0.21138696
5,123,0.013788394927978516,0.618,0.21240197,2.0865357,0.0,0.0,0.3807955,0.14500521
5,124,0.014908151626586914,0.575,0.24659498,2.2048712,0.0,0.0,0.40180084,0.1614439
5,125,0.013590301513671875,0.622,0.2054542,2.4054365,0.0,0.0,0.3774717,0.14248487
5,126,0.013717594146728516,0.614,0.21369316,2.0648832,0.0,0.0,0.37750182,0.14250763
5,127,0.019635709762573242,0.373,0.3923366,2.3451014,0.19439557,0.0,0.48128274,0.23163308
5,128,0.021981367111206053,0.347,0.43945172,3.0183449,0.24057859,0.0,0.5385747,0.29006273
5,129,0.015003532409667968,0.536,0.2578476,2.2052515,0.0,0.0,0.39827204,0.15862061
5,130,0.012560433387756347,0.656,0.1792495,2.178971,0.0,0.0,0.35444903,0.12563412
5,131,0.01618288803100586,0.554,0.26842517,2.4494963,0.0,0.0,0.43569922,0.18983382
5,132,0.014146552085876465,0.615,0.21523495,2.949998,0.0,0.0,0.39217198,0.15379886
5,133,0.012452290534973145,0.626,0.19057588,1.9687377,0.0,0.0,0.34458724,0.11874037
5,134,0.023466577529907228,0.304,0.49661365,2.669549,0.31941003,0.0,0.551412,0.30405518
5,135,0.026951589584350587,0.258,0.58968616,3.0462713,0.43275976,0.0,0.6153523,0.37865838
5,136,0.013919430732727051,0.666,0.19146495,2.6133924,0.0,0.0,0.39634797,0.15709172
5,137,0.018054012298583985,0.428,0.33727616,2.333836,0.09781858,0.0,0.46064323,0.2121922
5,138,0.019508705139160157,0.403,0.37712255,2.4027617,0.14806406,0.0,0.48822963,0.23836817
5,139,0.021722997665405273,0.312,0.45982814,2.723864,0.30498683,0.0,0.5103398,0.26044673
5,140,0.020912315368652342,0.347,0.42703736,2.4590573,0.24403898,0.0,0.5049396,0.25496402
5,141,0.014519857406616212,0.597,0.23339139,2.0543745,0.0,0.0,0.39541712,0.15635471
5,142,0.01569727897644043,0.589,0.2518364,2.6993532,0.0,0.0,0.4277651,0.18298298
5,143,0.012484357833862305,0.633,0.18373437,2.0012083,0.0,0.0,0.34942934,0.12210086
5,144,0.016401628494262695,0.516,0.28017652,2.630202,0.0,0.0,0.4364797,0.1905145
5,145,0.012695658683776855,0.667,0.17696558,2.23555,0.0,0.0,0.36036497,0.12986292
5,146,0.014867560386657715,0.577,0.24246734,2.2339396,0.0,0.0,0.40280753,0.1622539
5,147,0.009680760383605958,0.697,0.13455777,1.6378362,0.0,0.0,0.27497515,0.07561133
5,148,0.016161964416503905,0.471,0.2920293,1.9751518,0.03970013,0.0,0.41943768,0.17592797
5,149,0.015815011978149413,0.515,0.2759956,3.0733585,0.0,0.0,0.41706237,0.17394102
5,150,0.017716249465942382,0.418,0.3391528,2.1902375,0.122361444,0.0,0.4459158,0.19884089
5,151,0.01655514144897461,0.499,0.29177234,2.2933207,0.007819252,0.0,0.43467414,0.18894161
5,152,0.01656735801696777,0.57,0.27672523,2.118993,0.0,0.0,0.44486007,0.19790049
5,153,0.014008182525634766,0.57,0.23114686,2.2212844,0.0,0.0,0.3778893,0.14280032
5,154,0.018128107070922852,0.444,0.33385077,2.341147,0.0949823,0.0,0.46601713,0.21717197
5,155,0.00976404571533203,0.774,0.114965685,2.413584,0.0,0.0,0.28656498,0.08211949
5,156,0.015738673210144043,0.553,0.26131764,2.0737565,0.0,0.0,0.42357874,0.17941894
5,157,0.021355867385864258,0.348,0.44253495,2.3400083,0.2671625,0.0,0.5101332,0.2602359
5,158,0.021363616943359375,0.386,0.42760047,2.3927362,0.22896704,0.0,0.52303153,0.273562
5,159,0.011816742897033692,0.703,0.154373,2.264264,0.0,0.0,0.34030044,0.1158044
5,160,0.015996243476867674,0.558,0.2739879,2.0036404,0.0,0.0,0.4252181,0.18081044
5,161,0.014045830726623534,0.578,0.22508039,2.2661407,0.0,0.0,0.38291538,0.1466242
5,162,0.024315435409545897,0.301,0.5287017,2.4352949,0.376826,0.0,0.5583144,0.31171498
5,163,0.01405694580078125,0.577,0.22470123,2.021697,0.0,0.0,0.38354537,0.14710705
5,164,0.013781356811523437,0.604,0.22042453,2.6263022,0.0,0.0,0.37595057,0.14133883
5,165,0.0165145263671875,0.514,0.28923973,2.3769946,0.0,0.0,0.43482172,0.18906994
5,166,0.02037671089172363,0.434,0.38897175,2.5228615,0.124402665,0.0,0.513723,0.26391137
5,167,0.014440178871154785,0.594,0.22747253,2.4030344,0.0,0.0,0.39594823,0.15677501
5,168,0.014481794357299805,0.626,0.22224237,2.1337368,0.0,0.0,0.4004132,0.16033071
5,169,0.012729363441467285,0.647,0.19633657,1.8852751,0.0,0.0,0.3514095,0.12348864
5,170,0.01711164093017578,0.504,0.29869378,2.3705115,0.0,0.0,0.45120978,0.20359027
5,171,0.01724595260620117,0.487,0.30742994,2.7869272,0.016981188,0.0,0.45045504,0.20290975
5,172,0.01696583366394043,0.505,0.3016118,2.2331383,0.0,0.0,0.44370013,0.19686982
5,173,0.014696280479431152,0.613,0.22458693,2.166847,0.0,0.0,0.40686774,0.16554137
5,174,0.014785987854003906,0.585,0.23242046,2.5598187,0.0,0.0,0.40571684,0.16460615
5,175,0.010013948440551758,0.741,0.12649173,2.0012155,0.0,0.0,0.29030845,0.084279
5,176,0.01716106986999512,0.536,0.29284272,2.9041731,0.0,0.0,0.45688668,0.20874545
5,177,0.01000571632385254,0.702,0.13474438,1.9705397,0.0,0.0,0.28628364,0.081958316
5,178,0.011376653671264648,0.695,0.15856737,1.9900372,0.0,0.0,0.32293135,0.10428465
5,179,0.01756947135925293,0.464,0.3186037,2.6573477,0.04417988,0.0,0.45516807,0.20717798
5,180,0.013322407722473145,0.575,0.21299481,2.2034514,0.0,0.0,0.36348277,0.13211973
5,181,0.01734896659851074,0.438,0.3247159,2.303182,0.080147356,0.0,0.44220608,0.19554621
5,182,0.015854734420776367,0.502,0.2808644,2.3124752,0.0,0.0,0.4153165,0.1724878
5,183,0.013113805770874024,0.649,0.19804767,1.821623,0.0,0.0,0.3643474,0.13274902
5,184,0.01388577651977539,0.559,0.22693437,2.23346,0.0,0.0,0.37591964,0.14131558
5,185,0.01204714584350586,0.638,0.18320082,1.9232705,0.0,0.0,0.33402276,0.1115712
5,186,0.01485136890411377,0.624,0.22615738,2.3092978,0.0,0.0,0.41160175,0.169416
5,187,0.013459537506103516,0.632,0.20441754,2.0670502,0.0,0.0,0.37332642,0.13937262
5,188,0.012079087257385254,0.682,0.16645166,2.1760254,0.0,0.0,0.34379962,0.118198186
5,189,0.01526499080657959,0.533,0.2643653,2.0882561,0.0,0.0,0.40389472,0.16313095
5,190,0.011468571662902832,0.674,0.16038528,1.9929281,0.0,0.0,0.32527635,0.105804704
5,191,0.0126139497756958,0.709,0.16525055,2.7552185,0.0,0.0,0.3630482,0.13180399
5,192,0.012367593765258788,0.67,0.17872857,1.99782,0.0,0.0,0.34786987,0.12101344
5,193,0.011657276153564454,0.651,0.17233631,2.2065501,0.0,0.0,0.3258716,0.10619228
5,194,0.013812722206115723,0.598,0.22055854,2.0978966,0.0,0.0,0.37702152,0.14214522
5,195,0.012294151306152344,0.61,0.1934228,2.099084,0.0,0.0,0.3372444,0.11373378
5,196,0.015113446235656738,0.6,0.23847406,2.0459116,0.0,0.0,0.4141816,0.1715464
5,197,0.013236957550048828,0.628,0.20882693,2.5631003,0.0,0.0,0.36277863,0.13160834
5,198,0.0201751708984375,0.41,0.39950123,2.6086166,0.17124993,0.0,0.49742973,0.24743633
5,199,0.012966283798217773,0.609,0.20198995,1.9429528,0.0,0.0,0.35682568,0.12732457
5,200,0.0107178373336792,0.752,0.13467413,2.2976782,0.0,0.0,0.31102237,0.09673491
5,201,0.01883941078186035,0.412,0.36044976,2.7606256,0.14334932,0.0,0.47434095,0.22499932
5,202,0.01259813117980957,0.63,0.187891,1.8264917,0.0,0.0,0.35129744,0.12340989
5,203,0.020904943466186522,0.373,0.41952413,2.4741688,0.21084063,0.0,0.5108974,0.26101616
5,204,0.018009384155273436,0.478,0.33121789,2.4104192,0.029927535,0.0,0.4632846,0.21463263
5,205,0.019151901245117186,0.466,0.35636947,2.4513767,0.07348494,0.0,0.48968983,0.23979612
5,206,0.01196852970123291,0.666,0.17089954,1.6952652,0.0,0.0,0.33769667,0.11403905
5,207,0.013569180488586425,0.593,0.20399585,2.8567836,0.0,0.0,0.3775028,0.14250836
5,208,0.016916009902954103,0.443,0.31661138,2.0581043,0.07624606,0.0,0.43117118,0.18590859
5,209,0.016400842666625975,0.48,0.29362592,2.1626475,0.026811894,0.0,0.42751783,0.1827715
5,210,0.010590909957885742,0.752,0.13110691,2.0503695,0.0,0.0,0.30818558,0.094978355
5,211,0.012691121101379394,0.648,0.18295175,2.1664245,0.0,0.0,0.35720193,0.12759322
5,212,0.019551982879638673,0.418,0.37709388,2.5990882,0.14553577,0.0,0.48997986,0.24008027
5,213,0.015611878395080566,0.569,0.25114077,2.7897892,0.0,0.0,0.42504007,0.18065906
5,214,0.01989316177368164,0.441,0.37225512,2.6750357,0.08321698,0.0,0.5071134,0.257164
5,215,0.017008827209472655,0.536,0.28827804,3.3849864,0.0,0.0,0.45408803,0.20619594
5,216,0.020093666076660157,0.478,0.35744888,2.8687654,0.040269036,0.0,0.5253434,0.27598572
5,217,0.011340349197387696,0.665,0.16441607,1.8040884,0.0,0.0,0.31870183,0.10157085
5,218,0.020880252838134765,0.393,0.4121622,2.9262555,0.17461738,0.0,0.51585585,0.26610723
5,219,0.013333270072937012,0.608,0.20838504,1.9822996,0.0,0.0,0.36654025,0.13435176
5,220,0.015752187728881838,0.549,0.2634901,2.3096654,0.0,0.0,0.4227344,0.17870438
5,221,0.00815602970123291,0.768,0.09653518,1.9774599,0.0,0.0,0.23916896,0.057201788
5,222,0.015514937400817871,0.532,0.2587013,2.3505716,0.0,0.0,0.4168776,0.17378692
5,223,0.02102201271057129,0.394,0.41919184,2.688242,0.18720153,0.0,0.51594883,0.2662032
5,224,0.018602121353149415,0.505,0.33308363,2.241321,0.0,0.0,0.48486513,0.2350942
5,225,0.013907893180847168,0.641,0.20558749,2.1500123,0.0,0.0,0.38879722,0.15116328
5,226,0.01575826358795166,0.557,0.26195836,2.6624277,0.0,0.0,0.42391118,0.17970069
5,227,0.02393051528930664,0.256,0.5337461,2.3447156,0.3900779,0.0,0.5364557,0.2877847
5,228,0.020238386154174805,0.423,0.38786048,3.2658155,0.13911572,0.0,0.5090742,0.25915653
5,229,0.01588047981262207,0.607,0.2464801,2.4393578,0.0,0.0,0.43753535,0.19143718
5,230,0.0157875280380249,0.517,0.27049926,2.5726907,0.0,0.0,0.41961434,0.17607619
5,231,0.02075069808959961,0.358,0.41580096,2.583433,0.21272483,0.0,0.5076426,0.25770104
5,232,0.013802395820617677,0.585,0.21916689,2.374337,0.0,0.0,0.37745464,0.14247201
5,233,0.014841591835021973,0.561,0.2485551,2.5761876,0.0,0.0,0.39811206,0.15849322
5,234,0.009741230964660645,0.723,0.12451141,1.6619365,0.0,0.0,0.28175965,0.07938849
5,235,0.010528889656066895,0.706,0.13981491,2.0734484,0.0,0.0,0.3021743,0.09130931
5,236,0.020528709411621094,0.353,0.41954494,2.5563703,0.24227606,0.0,0.49538878,0.24541004
5,237,0.016513296127319336,0.538,0.27920768,2.280678,0.0,0.0,0.44128448,0.194732
5,238,0.014804229736328126,0.595,0.2282728,2.1199229,0.0,0.0,0.40872577,0.16705675
5,239,0.01751555633544922,0.494,0.31633782,2.4683957,0.008349018,0.0,0.45467037,0.20672514
5,240,0.01649155616760254,0.484,0.29545754,2.280794,0.028603131,0.0,0.42973974,0.18467626
5,241,0.015495073318481446,0.524,0.26394573,2.4613307,0.0,0.0,0.4128316,0.17042994
5,242,0.011140656471252442,0.746,0.13725331,2.313972,0.0,0.0,0.3244623,0.10527577
5,243,0.019051307678222655,0.364,0.3808913,2.8165162,0.19806542,0.0,0.4667699,0.21787415
5,244,0.011691814422607421,0.648,0.17886923,1.68187,0.0,0.0,0.32358044,0.1047043
5,245,0.025205324172973633,0.236,0.5743683,2.7650952,0.4728736,0.0,0.55263865,0.3054095
5,246,0.015791236877441408,0.56,0.263935,2.599399,0.0,0.0,0.42391214,0.1797015
5,247,0.012259352684020995,0.662,0.17987716,1.9738542,0.0,0.0,0.34341803,0.11793594
5,248,0.015861153602600098,0.535,0.27046326,2.6538877,0.0,0.0,0.4224048,0.17842582
5,249,0.022249374389648437,0.339,0.4504164,2.7085104,0.23960882,0.0,0.54051805,0.29215977
5,250,0.025719579696655274,0.266,0.5638303,2.980107,0.42413998,0.0,0.58616734,0.34359217
5,251,0.02590038871765137,0.281,0.5616842,2.7840605,0.39244378,0.0,0.59610486,0.35534102
5,252,0.01525572109222412,0.575,0.2465206,2.7536469,0.0,0.0,0.41468623,0.17196466
5,253,0.012690412521362304,0.621,0.19578692,2.0137439,0.0,0.0,0.35030562,0.12271403
5,254,0.019342864990234375,0.433,0.37241107,2.3428068,0.12265246,0.0,0.48523852,0.23545642
5,255,0.0136915864944458,0.631,0.20454259,3.0203924,0.0,0.0,0.38160434,0.14562188
5,256,0.022169412612915038,0.321,0.45927918,2.9410825,0.29888234,0.0,0.52966547,0.28054553
5,257,0.015121682167053223,0.61,0.24057685,2.25799,0.0,0.0,0.4132651,0.17078805
5,258,0.01837643241882324,0.473,0.33806127,3.3334672,0.04765969,0.0,0.47266042,0.22340788
5,259,0.011874392509460449,0.645,0.1762768,1.9839027,0.0,0.0,0.3315535,0.10992771
5,260,0.018383050918579103,0.469,0.33722934,3.0722332,0.056350585,0.0,0.47351122,0.22421288
5,261,0.013024651527404785,0.644,0.19943674,2.0595112,0.0,0.0,0.36036998,0.12986653
5,262,0.02172935485839844,0.36,0.44387335,2.8584182,0.23698774,0.0,0.52453905,0.27514124
5,263,0.02375475311279297,0.349,0.4864065,3.1202774,0.27731973,0.0,0.57244825,0.32769698
5,264,0.01637940788269043,0.437,0.3082923,2.524363,0.094460145,0.0,0.4162221,0.17324084
5,265,0.013371630668640137,0.638,0.20208852,2.172108,0.0,0.0,0.3714307,0.13796076
5,266,0.0089047212600708,0.779,0.10235184,2.6112165,0.0,0.0,0.26233214,0.06881816
5,267,0.01677057456970215,0.451,0.30662537,2.264413,0.05710374,0.0,0.4327044,0.18723309
5,268,0.013323075294494629,0.629,0.20120688,2.1816046,0.0,0.0,0.3701623,0.13702014
5,269,0.01680984878540039,0.503,0.2902936,2.5886667,0.0,0.0,0.4453097,0.19830072
5,270,0.01804875564575195,0.449,0.33667096,2.4810169,0.07589507,0.0,0.46087986,0.21241024
5,271,0.019634429931640624,0.417,0.37375,2.935323,0.10953939,0.0,0.49580413,0.24582174
5,272,0.0175128231048584,0.565,0.28275976,2.8119504,0.0,0.0,0.4761785,0.22674595
5,273,0.02309033966064453,0.267,0.5039348,2.6763084,0.35735828,0.0,0.52840656,0.2792135
5,274,0.014417449951171874,0.591,0.2318606,2.1459043,0.0,0.0,0.3925602,0.15410352
5,275,0.020242380142211913,0.391,0.39980865,2.5608811,0.19635652,0.0,0.499907,0.249907
5,276,0.01624774932861328,0.569,0.2689512,2.4233086,0.0,0.0,0.4377838,0.19165467
5,277,0.016357143402099608,0.506,0.29220372,2.113945,0.0,0.0,0.42681745,0.18217313
5,278,0.010963245391845703,0.675,0.1574193,2.0829566,0.0,0.0,0.3088882,0.09541191
5,279,0.015062175750732421,0.561,0.24888408,2.7469838,0.0,0.0,0.40611064,0.16492584
5,280,0.029062097549438476,0.191,0.66298604,3.588858,0.5371435,0.0,0.6364393,0.40505505
5,281,0.01984401512145996,0.424,0.3862589,2.5002575,0.12304644,0.0,0.49455938,0.24458899
5,282,0.016216403961181642,0.513,0.28369948,2.58123,0.0,0.0,0.4271842,0.18248633
5,283,0.01166508674621582,0.655,0.170074,1.8851752,0.0,0.0,0.32733637,0.10714911
5,284,0.016160385131835937,0.517,0.27220342,2.3732586,0.0,0.0,0.43250817,0.18706332
5,285,0.013473237037658691,0.6,0.21017201,2.1674776,0.0,0.0,0.3706155,0.13735585
5,286,0.009917067527770997,0.747,0.12403297,2.109539,0.0,0.0,0.28803483,0.082964055
5,287,0.015728063583374023,0.553,0.26361415,2.509675,0.0,0.0,0.42175767,0.17787954
5,288,0.011584495544433594,0.687,0.15561152,2.0668578,0.0,0.0,0.33164075,0.10998559
5,289,0.013746409416198731,0.61,0.21773282,1.8779908,0.0,0.0,0.37623957,0.14155622
5,290,0.023787172317504882,0.317,0.49013856,3.5291696,0.28258222,0.0,0.5706082,0.32559374
5,291,0.013887001991271972,0.559,0.22690344,2.7027638,0.0,0.0,0.37598357,0.14136365
5,292,0.012262749671936034,0.687,0.17069972,2.1885664,0.0,0.0,0.34819052,0.12123664
5,293,0.012828285217285157,0.649,0.19196287,2.5640135,0.0,0.0,0.35737258,0.12771517
5,294,0.018493797302246092,0.483,0.33139598,2.479347,0.031450287,0.0,0.48186845,0.2321972
5,295,0.009758379936218262,0.738,0.12245651,2.372873,0.0,0.0,0.28324968,0.080230385
5,296,0.012766790390014649,0.613,0.19616775,2.1149943,0.0,0.0,0.35285854,0.124509156
5,297,0.009686933517456055,0.708,0.13346066,1.691866,0.0,0.0,0.27572623,0.07602495
5,298,0.013801820755004883,0.632,0.20735273,2.46321,0.0,0.0,0.3840509,0.14749509
5,299,0.014134675979614257,0.584,0.23258322,2.123007,0.0,0.0,0.381699,0.14569412
5,300,0.019225088119506836,0.405,0.37520084,2.3504252,0.16628084,0.0,0.47836006,0.22882834
5,301,0.019287689208984375,0.49,0.3396259,2.4202728,0.009600537,0.0,0.5066253,0.2566692
5,302,0.018758222579956053,0.404,0.36522546,2.4701302,0.14146669,0.0,0.46741983,0.21848129
5,303,0.0177995662689209,0.485,0.3241595,2.3112633,0.023823228,0.0,0.46015778,0.21174517
5,304,0.014328619956970216,0.616,0.22204946,2.6248465,0.0,0.0,0.39497262,0.15600337
5,305,0.008722576141357422,0.78,0.09845315,1.6413832,0.0,0.0,0.25766316,0.0663903
5,306,0.022784446716308592,0.323,0.48189574,2.7219353,0.31813845,0.0,0.53563744,0.28690746
5,307,0.022429988861083983,0.317,0.47739062,2.7373812,0.30282915,0.0,0.5245975,0.27520257
5,308,0.014367426872253418,0.59,0.22426552,2.8908565,0.0,0.0,0.39513028,0.15612793
5,309,0.01595038890838623,0.499,0.2815168,2.2512035,0.00412974,0.0,0.41852507,0.17516324
5,310,0.01524312686920166,0.53,0.25816783,2.642653,0.0,0.0,0.40706542,0.16570227
5,311,0.025783723831176757,0.3,0.55071926,2.9138246,0.35326308,0.0,0.601256,0.3615088
5,312,0.011407336235046387,0.682,0.15815425,1.8118851,0.0,0.0,0.32421374,0.10511456
5,313,0.012032825469970703,0.605,0.1866861,2.0245845,0.0,0.0,0.33156776,0.10993718
5,314,0.017388219833374022,0.462,0.31314334,2.454992,0.058331937,0.0,0.45198604,0.20429139
5,315,0.01673508834838867,0.509,0.2921784,2.6650991,0.0,0.0,0.4412425,0.19469494
5,316,0.01567092514038086,0.566,0.25396094,2.7243786,0.0,0.0,0.42553696,0.1810817
5,317,0.010284997940063477,0.721,0.13524298,2.2109265,0.0,0.0,0.29578793,0.08749051
5,318,0.01674326515197754,0.529,0.28225043,2.9617596,0.0,0.0,0.44796386,0.20067163
5,319,0.010678669929504395,0.746,0.13086228,2.6733177,0.0,0.0,0.3113022,0.096909076
5,320,0.010808478355407715,0.682,0.15081902,2.1606824,0.0,0.0,0.30671945,0.09407683
5,321,0.02139336585998535,0.342,0.43813765,2.6949832,0.26365137,0.0,0.5154721,0.2657115
5,322,0.00990602970123291,0.743,0.12660141,1.7647461,0.0,0.0,0.28653362,0.08210152
5,323,0.012843761444091797,0.664,0.18414298,2.2683556,0.0,0.0,0.36201322,0.13105358
5,324,0.019967042922973632,0.387,0.39660883,2.6034222,0.17511317,0.0,0.49130872,0.24138425
5,325,0.013735668182373047,0.627,0.2088848,2.8527443,0.0,0.0,0.3808355,0.14503568
5,326,0.010507007598876954,0.699,0.14220855,2.0046082,0.0,0.0,0.30028978,0.09017395
5,327,0.011861868858337402,0.62,0.17984457,1.8285484,0.0,0.0,0.3291806,0.108359866
5,328,0.014182717323303222,0.592,0.22709313,2.2182095,0.0,0.0,0.38675344,0.14957821
5,329,0.015271958351135253,0.587,0.24100818,2.2839146,0.0,0.0,0.41850662,0.1751478
5,330,0.013641644477844238,0.597,0.2156966,2.2048426,0.0,0.0,0.37358987,0.1395694
5,331,0.012921655654907226,0.663,0.18646543,2.1587675,0.0,0.0,0.36359292,0.13219981
5,332,0.015159835815429687,0.606,0.23458482,2.822957,0.0,0.0,0.4180796,0.17479058
5,333,0.012673805236816407,0.587,0.20699915,1.9130447,0.0,0.0,0.34318608,0.11777669
5,334,0.013948328971862793,0.593,0.2209724,2.3836231,0.0,0.0,0.38174218,0.14572708
5,335,0.017082828521728516,0.512,0.30304426,2.4980733,0.0,0.0,0.44719929,0.19998719
5,336,0.012231976509094238,0.667,0.17350125,2.3977418,0.0,0.0,0.34571457,0.11951857
5,337,0.017171764373779298,0.531,0.28786185,2.2129045,0.0,0.0,0.46044013,0.21200511
5,338,0.015570490837097169,0.555,0.2616457,2.702849,0.0,0.0,0.41711116,0.17398173
5,339,0.013124421119689941,0.64,0.1937345,2.2029307,0.0,0.0,0.36703864,0.13471736
5,340,0.015552438735961915,0.548,0.26061663,2.3862586,0.0,0.0,0.41708192,0.17395732
5,341,0.01712735366821289,0.432,0.32608458,2.154977,0.1011982,0.0,0.43245238,0.18701507
5,342,0.016966520309448244,0.521,0.294181,2.5564933,0.0,0.0,0.44868731,0.2013203
5,343,0.016133386611938475,0.534,0.27838406,2.0870383,0.0,0.0,0.42753768,0.18278846
5,344,0.016400413513183595,0.467,0.2913034,2.2358956,0.03335626,0.0,0.42908728,0.18411589
5,345,0.017314708709716797,0.473,0.3169026,2.1361003,0.0372661,0.0,0.44651073,0.19937183
5,346,0.023819292068481445,0.329,0.49557543,3.0183058,0.306773,0.0,0.56724215,0.32176363
5,347,0.013403721809387207,0.601,0.21128769,2.1404717,0.0,0.0,0.36744696,0.13501728
5,348,0.014137102127075194,0.578,0.23270284,2.050992,0.0,0.0,0.38171592,0.14570704
5,349,0.020217138290405272,0.358,0.40470472,2.7947109,0.23284829,0.0,0.49492103,0.24494682
5,350,0.012716039657592774,0.623,0.2006689,1.9881968,0.0,0.0,0.34846762,0.121429674
5,351,0.022181434631347655,0.316,0.46511444,2.3518505,0.28248024,0.0,0.5250568,0.2756846
5,352,0.021319948196411132,0.344,0.43908554,2.7275872,0.2676313,0.0,0.5116094,0.26174414
5,353,0.011939102172851563,0.657,0.17825104,2.0308661,0.0,0.0,0.33281937,0.110768735
5,354,0.01658770942687988,0.515,0.29194438,2.5360615,0.0,0.0,0.43579876,0.18992056
5,355,0.019702123641967773,0.396,0.39321774,2.198964,0.16914505,0.0,0.48327374,0.2335535
5,356,0.019973411560058593,0.353,0.4070713,2.2105448,0.2318457,0.0,0.4829391,0.23323016
5,357,0.01014602279663086,0.746,0.12288098,2.0678153,0.0,0.0,0.2963816,0.08784204
5,358,0.014981201171875,0.588,0.24089587,2.5788696,0.0,0.0,0.40792838,0.16640556
5,359,0.01487176513671875,0.564,0.2510104,2.2105966,0.0,0.0,0.39769733,0.15816317
5,360,0.014461885452270508,0.565,0.23720908,2.2016308,0.0,0.0,0.39099616,0.15287799
5,361,0.01348007869720459,0.615,0.20760512,2.35045,0.0,0.0,0.37230718,0.13861264
5,362,0.02008990478515625,0.37,0.4008736,2.9326656,0.19968557,0.0,0.49285355,0.24290463
5,363,0.011478996276855469,0.716,0.14805013,2.1007338,0.0,0.0,0.33143407,0.10984854
5,364,0.013813093185424804,0.608,0.220654,2.2559543,0.0,0.0,0.37697923,0.14211334
5,365,0.019335845947265624,0.45,0.35807276,2.4139984,0.08745228,0.0,0.4956398,0.24565881
5,366,0.016022302627563476,0.519,0.2832928,2.1280122,0.0,0.0,0.42007074,0.17645942
5,367,0.01914691925048828,0.438,0.36472744,2.466736,0.09588206,0.0,0.48329943,0.23357835
5,368,0.01727012634277344,0.489,0.31242982,2.550249,0.013410996,0.0,0.447934,0.20064488
5,369,0.014326420783996582,0.555,0.23443511,2.1056418,0.0,0.0,0.387668,0.1502865
5,370,0.020769590377807616,0.46,0.39002153,2.6988666,0.09263541,0.0,0.52844965,0.27925906
5,371,0.022429079055786134,0.307,0.45846772,3.944811,0.26608208,0.0,0.54117554,0.292871
5,372,0.01667285919189453,0.473,0.30125403,2.307479,0.033126608,0.0,0.4327011,0.18723026
5,373,0.00891068458557129,0.777,0.10240572,2.1620197,0.0,0.0,0.26251358,0.06891338
5,374,0.023236455917358397,0.314,0.49281678,2.6478786,0.32417834,0.0,0.5450362,0.29706448
5,375,0.012370781898498535,0.649,0.18186447,2.6319933,0.0,0.0,0.34635466,0.11996156
5,376,0.013879629135131836,0.642,0.20672898,2.6880617,0.0,0.0,0.38717854,0.14990723
5,377,0.01909853172302246,0.445,0.35413516,2.758101,0.08914034,0.0,0.48922616,0.23934223
5,378,0.01880698585510254,0.492,0.34276995,2.483468,0.0135848345,0.0,0.4860159,0.23621143
5,379,0.011907611846923828,0.69,0.16799487,2.2130504,0.0,0.0,0.33699992,0.11356894
5,380,0.013786446571350098,0.61,0.20926933,2.5052564,0.0,0.0,0.38245583,0.14627247
5,381,0.020025012969970703,0.411,0.38820258,2.3397052,0.14108586,0.0,0.5002998,0.25029993
5,382,0.015268463134765625,0.564,0.2554617,2.0402274,0.0,0.0,0.40971366,0.16786529
5,383,0.01155037498474121,0.62,0.17901157,1.9522005,0.0,0.0,0.31838027,0.101366
5,384,0.02073944854736328,0.422,0.39770123,3.0409071,0.13838668,0.0,0.52149636,0.27195844
5,385,0.025297531127929686,0.257,0.55355906,2.8377547,0.40276784,0.0,0.57752705,0.3335375
5,386,0.019164283752441405,0.416,0.37062806,2.823457,0.15115216,0.0,0.47948372,0.22990464
5,387,0.025516502380371092,0.22,0.58563805,3.163703,0.4779004,0.0,0.5550855,0.30811992
5,388,0.010809229850769044,0.705,0.14628236,2.832601,0.0,0.0,0.30893517,0.09544093
5,389,0.024872346878051756,0.303,0.52629554,3.3314068,0.35219374,0.0,0.5845055,0.34164667
5,390,0.0107963228225708,0.694,0.14761059,1.9914812,0.0,0.0,0.30785012,0.0947717
5,391,0.009362112045288086,0.74,0.12038257,1.9178839,0.0,0.0,0.27047583,0.073157184
5,392,0.020394804000854493,0.424,0.38496414,2.5926602,0.11453152,0.0,0.5174462,0.26775062
5,393,0.013691572189331055,0.648,0.20181416,2.1520357,0.0,0.0,0.38305378,0.1467302
5,394,0.011599276542663574,0.735,0.14974603,2.685073,0.0,0.0,0.33484223,0.11211933
5,395,0.019064119338989258,0.468,0.33688587,3.0352597,0.04787854,0.0,0.49994853,0.24994853
5,396,0.01585524272918701,0.508,0.27684796,2.2074397,0.0,0.0,0.41802385,0.17474395
5,397,0.01670951271057129,0.46,0.30721498,2.6317513,0.060068358,0.0,0.4299149,0.1848268
5,398,0.01638309097290039,0.475,0.29405943,2.5662205,0.043447394,0.0,0.42653805,0.1819347
5,399,0.02535946846008301,0.265,0.552075,2.8638384,0.37761265,0.0,0.58164924,0.3383158
5,400,0.013768109321594238,0.591,0.22197296,2.0791504,0.0,0.0,0.3745515,0.14028883
5,401,0.016283092498779298,0.547,0.26660204,2.3674676,0.0,0.0,0.44052517,0.19406244
5,402,0.010063531875610352,0.758,0.12237897,1.763173,0.0,0.0,0.2937653,0.08629805
5,403,0.016656898498535157,0.535,0.28413722,2.7022748,0.0,0.0,0.44352937,0.19671829
5,404,0.013607339859008789,0.65,0.20469986,1.871099,0.0,0.0,0.37849393,0.14325766
5,405,0.02088775634765625,0.428,0.39460212,2.8849964,0.1335811,0.0,0.5297052,0.2805876
5,406,0.011709280967712402,0.658,0.17220728,1.7486881,0.0,0.0,0.3277986,0.10745192
5,407,0.011908109664916993,0.633,0.17800866,2.005993,0.0,0.0,0.3318373,0.11011599
5,408,0.018476757049560547,0.483,0.3367182,2.872931,0.032359548,0.0,0.4775054,0.22801138
5,409,0.017934276580810548,0.455,0.33733875,2.3016863,0.06884302,0.0,0.45589563,0.20784083
5,410,0.023666408538818358,0.338,0.48660505,2.7453303,0.31576973,0.0,0.5686075,0.3233145
5,411,0.010340763092041015,0.731,0.13446367,2.1354384,0.0,0.0,0.29807872,0.088850915
5,412,0.009381668090820312,0.734,0.118606485,1.6075656,0.0,0.0,0.27193418,0.0739482
5,413,0.012835118293762207,0.669,0.1812838,2.020227,0.0,0.0,0.36314794,0.13187644
5,414,0.030808483123779297,0.141,0.7478192,3.1347,0.6387589,0.0,0.624443,0.38992903
5,415,0.02132494354248047,0.351,0.43690833,3.0735867,0.25167647,0.0,0.51367724,0.2638643
5,416,0.014530641555786133,0.593,0.22923335,2.2126281,0.0,0.0,0.39823562,0.15859161
5,417,0.011070441246032715,0.693,0.15765812,1.675312,0.0,0.0,0.31256774,0.0976986
5,418,0.018684514999389647,0.478,0.33866528,2.8527167,0.05424242,0.0,0.4841662,0.23441692
5,419,0.015700377464294434,0.545,0.26546985,2.0823407,0.0,0.0,0.41955647,0.17602764
5,420,0.015929829597473143,0.553,0.2594573,2.9047408,0.0,0.0,0.43178853,0.18644135
5,421,0.009626845359802245,0.721,0.12579069,1.7859555,0.0,0.0,0.27722347,0.07685285
5,422,0.01264314365386963,0.667,0.18121827,2.3386614,0.0,0.0,0.3563833,0.12700905
5,423,0.015044369697570802,0.558,0.24922507,2.147892,0.0,0.0,0.4052406,0.16421993
5,424,0.010505553245544433,0.754,0.12917346,1.7942346,0.0,0.0,0.3060733,0.093680866
5,425,0.01527619171142578,0.583,0.24738172,2.21059,0.0,0.0,0.41492692,0.17216434
5,426,0.018880586624145507,0.485,0.34077373,3.0232668,0.027684193,0.0,0.49025482,0.24034978
5,427,0.014939785957336426,0.642,0.2150513,3.1587718,0.0,0.0,0.42065442,0.17695013
5,428,0.014606541633605957,0.586,0.23267332,2.8096578,0.0,0.0,0.39901653,0.15921418
5,429,0.014392118453979492,0.592,0.22899437,2.8391042,0.0,0.0,0.39331245,0.15469469
5,430,0.014424325942993164,0.584,0.23339282,2.2515755,0.0,0.0,0.3919043,0.15358897
5,431,0.025006370544433595,0.269,0.546245,3.573374,0.3964253,0.0,0.5717823,0.326935
5,432,0.011476065635681152,0.658,0.16402505,2.5506203,0.0,0.0,0.3237219,0.10479585
5,433,0.017585113525390626,0.476,0.31621134,2.5171907,0.053963635,0.0,0.45743486,0.20924665
5,434,0.007778506278991699,0.806,0.08580272,1.6345378,0.0,0.0,0.23052779,0.053143058
5,435,0.014643263816833497,0.581,0.23619916,2.634687,0.0,0.0,0.39829025,0.15863512
5,436,0.01838751411437988,0.464,0.336094,2.2592564,0.058106463,0.0,0.47449073,0.22514147
5,437,0.01580955123901367,0.51,0.27568445,2.2416945,0.0,0.0,0.41706112,0.17393999
5,438,0.016704433441162108,0.516,0.28792334,3.5423925,0.0,0.0,0.442875,0.19613826
5,439,0.01767264175415039,0.447,0.33178797,2.598955,0.089683264,0.0,0.44970992,0.202239
5,440,0.011241501808166503,0.714,0.14949906,2.2161386,0.0,0.0,0.32252347,0.10402139
5,441,0.014957999229431152,0.59,0.24605875,1.9889827,0.0,0.0,0.40397626,0.16319683
5,442,0.017469959259033205,0.491,0.3134273,2.1241648,0.009406133,0.0,0.45493162,0.20696276
5,443,0.012617478370666504,0.636,0.18621235,2.2958262,0.0,0.0,0.35288203,0.124525726
5,444,0.021417434692382813,0.33,0.43816957,2.658599,0.26326793,0.0,0.51644355,0.26671392
5,445,0.013284643173217774,0.643,0.19513449,2.840116,0.0,0.0,0.3720272,0.13840424
5,446,0.014049391746520996,0.59,0.22218488,2.1503747,0.0,0.0,0.38473275,0.14801928
5,447,0.014791418075561523,0.552,0.251468,2.2771235,0.0,0.0,0.39439815,0.1555499
5,448,0.010807364463806153,0.712,0.1479717,2.0235693,0.0,0.0,0.30806413,0.09490351
5,449,0.016092653274536132,0.551,0.25899565,3.3097746,0.0,0.0,0.43805793,0.19189474
5,450,0.019118993759155274,0.436,0.36642864,2.475362,0.11504115,0.0,0.4809012,0.23126596
5,451,0.012065478324890137,0.64,0.18029138,2.053141,0.0,0.0,0.33626002,0.1130708
5,452,0.02141239356994629,0.408,0.41302025,2.6944304,0.14898786,0.0,0.5365676,0.28790483
5,453,0.016158220291137695,0.529,0.28107068,2.3244066,0.0,0.0,0.42671698,0.18208738
5,454,0.0118008451461792,0.649,0.16910592,2.1206057,0.0,0.0,0.3326607,0.110663146
5,455,0.01766924476623535,0.476,0.3292873,1.9731394,0.053464353,0.0,0.45141128,0.20377213
5,456,0.019618944168090822,0.452,0.36648074,2.528253,0.08948317,0.0,0.5005945,0.25059482
5,457,0.01658449935913086,0.542,0.27555585,2.6254458,0.0,0.0,0.44622254,0.19911456
5,458,0.02106393051147461,0.342,0.44168317,2.2599337,0.27274203,0.0,0.4986032,0.24860513
5,459,0.014907367706298828,0.591,0.24481194,2.6540468,0.0,0.0,0.4028607,0.16229674
5,460,0.014475440979003907,0.55,0.23955368,1.9209925,0.0,0.0,0.3900672,0.1521524
5,461,0.01478734588623047,0.589,0.23376806,2.3334665,0.0,0.0,0.40499145,0.16401806
5,462,0.01207465934753418,0.666,0.17397797,1.811028,0.0,0.0,0.33989567,0.11552907
5,463,0.01457174015045166,0.582,0.23435499,2.6526709,0.0,0.0,0.39675352,0.15741336
5,464,0.015585597038269044,0.504,0.27814555,2.0684757,0.0,0.0,0.40687335,0.16554593
5,465,0.02052669334411621,0.409,0.4001579,2.609462,0.17769983,0.0,0.51109564,0.26121876
5,466,0.013478314399719239,0.629,0.20011729,2.372041,0.0,0.0,0.3763217,0.14161801
5,467,0.018911607742309572,0.491,0.3325172,3.3565662,0.019011296,0.0,0.49707264,0.2470812
5,468,0.014355843544006347,0.585,0.23626332,2.113367,0.0,0.0,0.38764665,0.15026993
5,469,0.02073501205444336,0.444,0.39077955,2.8375497,0.110145874,0.0,0.5265283,0.27723205
5,470,0.016724920272827147,0.509,0.29985186,2.1145337,0.0,0.0,0.43567398,0.18981181
5,471,0.011968073844909667,0.683,0.16964675,2.1769254,0.0,0.0,0.33831167,0.11445479
5,472,0.02106913948059082,0.391,0.4176005,2.6453693,0.20219196,0.0,0.5191516,0.26951844
5,473,0.01627389717102051,0.571,0.25962,3.0051792,0.0,0.0,0.444339,0.19743715
5,474,0.016108585357666017,0.486,0.28282282,2.3466794,0.0239723,0.0,0.4236718,0.17949781
5,475,0.014984594345092774,0.585,0.23980398,2.7777877,0.0,0.0,0.4086956,0.16703211
5,476,0.015597602844238282,0.56,0.2599475,2.422601,0.0,0.0,0.41918072,0.17571247
5,477,0.014297321319580078,0.601,0.22285287,2.479723,0.0,0.0,0.39338276,0.15475
5,478,0.014486124992370605,0.632,0.21122813,2.750054,0.0,0.0,0.4064855,0.16523047
5,479,0.01776944160461426,0.446,0.33208683,2.4807923,0.08881109,0.0,0.45328957,0.20547144
5,480,0.01826515769958496,0.407,0.3566946,2.617971,0.1284016,0.0,0.45429608,0.20638494
5,481,0.029300510406494142,0.169,0.70169574,2.968248,0.6071114,0.0,0.6050976,0.36614308
5,482,0.014716017723083495,0.595,0.23439395,2.166568,0.0,0.0,0.40202072,0.16162066
5,483,0.013920778274536133,0.563,0.23169819,1.7867445,0.0,0.0,0.3743047,0.14010401
5,484,0.015547486305236816,0.557,0.2613432,2.6525552,0.0,0.0,0.4164421,0.17342402
5,485,0.01819739532470703,0.464,0.33925915,2.5560658,0.06553714,0.0,0.4648101,0.21604843
5,486,0.018152647018432617,0.444,0.33328322,2.2544625,0.07193805,0.0,0.46737665,0.21844092
5,487,0.019081951141357422,0.469,0.34621122,2.9620047,0.055973098,0.0,0.4942253,0.24425864
5,488,0.015578079223632812,0.513,0.27522424,2.1445694,0.0,0.0,0.40856847,0.16692819
5,489,0.019478593826293945,0.42,0.37959132,2.4895732,0.112115145,0.0,0.48510414,0.23532602
5,490,0.020226076126098634,0.409,0.39168808,2.2781956,0.13286434,0.0,0.5056428,0.25567463
5,491,0.021703737258911133,0.343,0.43998542,3.5965295,0.2442028,0.0,0.5267495,0.27746505
5,492,0.015663434982299804,0.551,0.26186132,2.485577,0.0,0.0,0.42044243,0.17677183
5,493,0.02418321228027344,0.276,0.53103715,2.9655082,0.38383192,0.0,0.5502975,0.30282733
5,494,0.009867363929748536,0.73,0.1283014,1.8809112,0.0,0.0,0.28443563,0.08090363
5,495,0.018061382293701172,0.457,0.33922705,2.488505,0.07081483,0.0,0.4594981,0.21113852
5,496,0.02779933547973633,0.224,0.62633425,3.0608218,0.47196963,0.0,0.6168537,0.38050848
5,497,0.020273691177368165,0.394,0.40880305,2.4827409,0.21358651,0.0,0.49386498,0.24390261
5,498,0.012467299461364746,0.687,0.1741518,2.5146036,0.0,0.0,0.35370144,0.12510471
5,499,0.012668462753295898,0.623,0.19596708,2.5512457,0.0,0.0,0.34940934,0.12208688
5,500,0.012458767890930176,0.702,0.16964476,2.1128747,0.0,0.0,0.3555862,0.12644154
5,501,0.01659174156188965,0.512,0.29002532,2.9258864,0.0,0.0,0.4372313,0.19117121
5,502,0.012283266067504883,0.663,0.17372341,2.1752493,0.0,0.0,0.34741732,0.1206988
5,503,0.017048347473144532,0.461,0.31657162,2.4181616,0.05842352,0.0,0.43638125,0.1904286
5,504,0.024514925003051757,0.248,0.5404713,3.0643263,0.36941177,0.0,0.55576277,0.30887225
5,505,0.014760977745056152,0.563,0.2409103,2.1107123,0.0,0.0,0.39981085,0.1598487
5,506,0.010552438735961914,0.694,0.14672357,1.7483455,0.0,0.0,0.2997101,0.089826144
5,507,0.016911447525024412,0.535,0.28731036,2.6963396,0.0,0.0,0.45105407,0.20344977
5,508,0.02406062126159668,0.307,0.49906322,4.0405707,0.33013093,0.0,0.5743251,0.3298493
5,509,0.013285757064819336,0.627,0.2068054,1.9017895,0.0,0.0,0.36570874,0.13374288
5,510,0.01732529640197754,0.462,0.3200945,2.3205183,0.07411352,0.0,0.44464073,0.19770539
5,511,0.01338201904296875,0.644,0.20124206,2.229476,0.0,0.0,0.3722634,0.13858004
6,0,0.01620533561706543,0.0,0.35456777,0.9996201,0.13750479,0.0012641071,0.3699927,0.1368946
6,1,0.02028653144836426,0.0,0.5580984,0.99935824,0.48785663,0.004301928,0.31633773,0.10006957
6,2,0.017175519943237304,0.0,0.41552985,0.9985806,0.26027632,0.00014102166,0.34976187,0.12233338
